Região;Nome;Vagas;Status;Início;Fim
BR;IBAMA;460;Aberto;;
BR;MPU;152;Aberto;13/01/2025;27/02/2025
BR;IBGE;30;Aberto;10/02/2025;14/02/2025
BR;Marinha CFN;1.680;Aberto;21/01/2025;07/03/2025
BR;TRF 5;11;Aberto;;
BR;Banco do Brasil;7.200;Previsto;Previsto;Previsto
BR;CNU 2025;Várias;Previsto;Previsto;Previsto
BR;Correios;Várias;Previsto;Previsto;Previsto
BR;INSS;Várias;Previsto;Previsto;Previsto
BR;PF Administrativo;192;Previsto;Previsto;Previsto
BR;Polícia Federal;Várias;Previsto;Previsto;Previsto
BR;PRF;5.137;Previsto;Previsto;Previsto
BR;Receita Federal;Várias;Previsto;Previsto;Previsto
BR;ABIN;Várias;Previsto;Previsto;Previsto
BR;ANP;132;Previsto;Previsto;Previsto
BR;ANVISA;Várias;Previsto;Previsto;Previsto
BR;Banco do Brasil;Várias;Previsto;Previsto;Previsto
BR;BNDES;Várias;Previsto;Previsto;Previsto
BR;CNEN;150;Previsto;Previsto;Previsto
BR;CNMP;91;Previsto;Previsto;Previsto
BR;CNU dos Professores;Várias;Previsto;Previsto;Previsto
BR;Comando da Marinha;Várias;Previsto;Previsto;Previsto
BR;Conab;Várias;Previsto;Previsto;Previsto
BR;Concurso Nacional Unificado 2025;Várias;Previsto;Previsto;Previsto
BR;DATAPREV;Várias;Previsto;Previsto;Previsto
BR;DEC Exército;91;Previsto;Previsto;Previsto
BR;DPU;134;Previsto;Previsto;Previsto
BR;Embratur;80;Previsto;Previsto;Previsto
BR;ENAP;15;Previsto;Previsto;Previsto
BR;FBN;14;Previsto;Previsto;Previsto
BR;FCP;Várias;Previsto;Previsto;Previsto
BR;FUNAI;25;Previsto;Previsto;Previsto
BR;FUNAI;1.938;Previsto;Previsto;Previsto
BR;FUNARTE;28;Previsto;Previsto;Previsto
BR;Fundaj;20;Previsto;Previsto;Previsto
BR;IBAMA;260;Previsto;Previsto;Previsto
BR;IBRAM;28;Previsto;Previsto;Previsto
BR;INC;75;Previsto;Previsto;Previsto
BR;INCA;Várias;Previsto;Previsto;Previsto
BR;INMA;Várias;Previsto;Previsto;Previsto
BR;INSA;19;Previsto;Previsto;Previsto
BR;Iphan - Instituto do Patrimônio Histórico e Artístico Nacional;Várias;Previsto;Previsto;Previsto
BR;Marinha;11;Previsto;Previsto;Previsto
BR;MCTI - Ministério da Ciência, Tecnologia e Inovação;55;Previsto;Previsto;Previsto
BR;MGI;Várias;Previsto;Previsto;Previsto
BR;Ministério da Defesa;Várias;Previsto;Previsto;Previsto
BR;Ministério da Fazenda;Várias;Previsto;Previsto;Previsto
BR;Ministério da Saúde;Várias;Previsto;Previsto;Previsto
BR;MMA;350;Previsto;Previsto;Previsto
BR;MPF;15;Previsto;Previsto;Previsto
BR;MTur;47;Previsto;Previsto;Previsto
BR;Programa Mais Médicos;3.158;Previsto;Previsto;Previsto
BR;STM;240;Previsto;Previsto;Previsto
BR;SUSEP;75;Previsto;Previsto;Previsto
BR;TCU;100;Previsto;Previsto;Previsto
AC;Prefeitura de Epitaciolândia;19;Aberto;Não encontrado;12/02/2025
AC;Prefeitura de Feijó;Várias;Aberto;Não encontrado;18/02/2025
AC;SEAD/IEL;Várias;Aberto;23/01/2025;24/02/2025
AC;CISAC;Várias;Previsto;Previsto;Previsto
AC;SEE AC;Várias;Previsto;Previsto;Previsto
AC;TJ AC;Várias;Previsto;Previsto;Previsto
AL;CREFITO 1ª Região;Várias;Previsto;Previsto;Previsto
AL;Detran;Várias;Previsto;Previsto;Previsto
AL;Prefeitura de Maceió;Várias;Previsto;Previsto;Previsto
AL;TCE AL;Várias;Previsto;Previsto;Previsto
AM;CRP 20;5;Aberto;Indisponível;Indisponível
AM;IFAM;19;Aberto;05/02/2025;05/03/2025
AM;Prefeitura de Benjamin Constant;213;Aberto;10/02/2025;13/02/2025
AM;Prefeitura de Coari;239;Aberto;10/02/2025;11/02/2025
AM;Prefeitura de Tabatinga;202;Aberto;17/02/2025;19/02/2025
AM;AmazonPrev;Várias;Previsto;Previsto;Previsto
AM;CRP AM;Várias;Previsto;Previsto;Previsto
AM;DPE AM;Várias;Previsto;Previsto;Previsto
AP;SEED AP;Várias;Previsto;Previsto;Previsto
BA;SESAB;3.778;Aberto;;
BA;CRMV BA;34;Aberto;Não encontrado;12/03/2025
BA;Prefeitura de Presidente Dutra;59;Aberto;22/01/2025;19/02/2025
BA;SAEB BA;173;Aberto;10/02/2025;14/02/2025
BA;SECIS/CODESAL;15;Aberto;10/02/2025;14/02/2025
BA;UEFS;53;Aberto;27/01/2025;13/02/2025
BA;ADAB;200;Previsto;Previsto;Previsto
BA;CORE - Conselho Regional dos Representantes Comerciais da Bahia;Várias;Previsto;Previsto;Previsto
BA;CRF BA;Várias;Previsto;Previsto;Previsto
BA;DPE BA;Várias;Previsto;Previsto;Previsto
BA;PC BA;Várias;Previsto;Previsto;Previsto
BA;PGE - BA;Várias;Previsto;Previsto;Previsto
BA;Prefeitura de Vitória da Conquista;269;Previsto;Previsto;Previsto
BA;Sefaz BA;225;Previsto;Previsto;Previsto
BA;TCM BA;Várias;Previsto;Previsto;Previsto
BA;TJ BA;Várias;Previsto;Previsto;Previsto
CE;Prefeitura de Quixeramobim;891;Aberto;06/02/2025;02/03/2025
CE;ARCE;51;Aberto;05/02/2025;26/03/2025
CE;Marinha do Brasil;800;Aberto;29/01/2025;13/02/2025
CE;MP CE;1;Aberto;03/02/2025;21/02/2025
CE;Prefeitura de Várzea Alegre;Várias;Aberto;19/02/2025;20/02/2025
CE;Bombeiros CE;500;Previsto;Previsto;Previsto
CE;Câmara de Pacatuba;Várias;Previsto;Previsto;Previsto
CE;Dnocs - Departamento Nacional de Obras Contra as Secas;Várias;Previsto;Previsto;Previsto
CE;PC CE;500;Previsto;Previsto;Previsto
CE;Polícia Militar;1.000;Previsto;Previsto;Previsto
CE;Prefeitura de Fortaleza;Várias;Previsto;Previsto;Previsto
CE;TJCE;Várias;Previsto;Previsto;Previsto
CE;UFC - Universidade Federal do Ceará;Várias;Previsto;Previsto;Previsto
DF;PM DF;147;Aberto;24/03/2025;23/04/2025
DF;AEB;30;Aberto;29/01/2025;19/02/2025
DF;CAESB;303;Aberto;05/02/2025;24/02/2025
DF;CFBio;95;Aberto;23/12/2025;10/02/2025
DF;CRC DF;3;Aberto;22/01/2025;17/03/2025
DF;FUNAI;25;Aberto;31/01/2025;06/03/2025
DF;SEEDF;25;Aberto;01/02/2025;15/02/2025
DF;ANM;220;Previsto;Previsto;Previsto
DF;ANPD;213;Previsto;Previsto;Previsto
DF;Bombeiros DF;356;Previsto;Previsto;Previsto
DF;CONFERE;88;Previsto;Previsto;Previsto
DF;Defensoria Pública DF;7;Previsto;Previsto;Previsto
DF;Detran DF;182;Previsto;Previsto;Previsto
DF;FUNAP - Fundação de Amparo ao Trabalhador Preso do Distrito Federal;Várias;Previsto;Previsto;Previsto
DF;PC DF;315;Previsto;Previsto;Previsto
DF;PMDF;147;Previsto;Previsto;Previsto
DF;SEDES DF;1.197;Previsto;Previsto;Previsto
DF;SEDF;Várias;Previsto;Previsto;Previsto
DF;SEFAZ - DF;265;Previsto;Previsto;Previsto
DF;SEPLAD DF;723;Previsto;Previsto;Previsto
ES;MGS;Várias;Aberto;Não encontrado;28/02/2025
ES;Prefeitura de Afonso Cláudio;Várias;Aberto;13/02/2025;17/02/2025
ES;Prefeitura de Alegre;Várias;Aberto;Indisponível;Indisponível
ES;Prefeitura de Mimoso do Sul;46;Aberto;Não encontrado;14/02/2025
ES;Prefeitura de Presidente Kennedy;32;Aberto;30/12/2024;10/02/2025
ES;Prefeitura de Viana;Várias;Aberto;07/02/2025;16/02/2025
ES;Prefeitura de Viana;Várias;Aberto;07/02/2025;11/02/2025
ES;ALES;35;Previsto;Previsto;Previsto
ES;IASES;1.026;Previsto;Previsto;Previsto
ES;MP ES;5;Previsto;Previsto;Previsto
ES;PC ES;Várias;Previsto;Previsto;Previsto
ES;PM ES;Várias;Previsto;Previsto;Previsto
ES;Polícia Penal;600;Previsto;Previsto;Previsto
ES;SEDU ES;Várias;Previsto;Previsto;Previsto
ES;SEDU ES;1.290;Previsto;Previsto;Previsto
GO;Câmara de Morrinhos;96;Aberto;20/01/2025;10/02/2025
GO;IDTECH;1;Aberto;08/02/2025;11/02/2025
GO;Instituto Patris;11;Aberto;10/02/2025;12/02/2025
GO;MP GO;3;Aberto;Não encontrado;28/02/2025
GO;Prefeitura de Aragarças;32;Aberto;11/02/2025;13/02/2025
GO;Prefeitura de Damianópolis;69;Aberto;31/01/2025;31/03/2025
GO;Prefeitura de Faina;492;Aberto;20/01/2025;19/02/2025
GO;Prefeitura de Flores de Goiás;558;Aberto;27/01/2025;19/02/2025
GO;Prefeitura de Iaciara;689;Aberto;24/02/2025;28/03/2025
GO;Prefeitura de Itumbiara;1.770;Aberto;11/02/2025;06/03/2025
GO;Prefeitura de Santa Cruz de Goiás;12;Aberto;17/02/2025;21/02/2025
GO;SECTI;12;Aberto;31/01/2025;14/02/2025
GO;SEEL GO;14;Aberto;03/02/2025;11/02/2025
GO;ALEGO;101;Previsto;Previsto;Previsto
GO;Câmara de Goiânia;54;Previsto;Previsto;Previsto
GO;CASE GO (SEDS);251;Previsto;Previsto;Previsto
GO;CODEGO;Várias;Previsto;Previsto;Previsto
GO;Goinfra;80;Previsto;Previsto;Previsto
GO;Guarda de Goiânia;700;Previsto;Previsto;Previsto
GO;ISS Goiânia;143;Previsto;Previsto;Previsto
GO;SEAD GO;160;Previsto;Previsto;Previsto
GO;SEFAZ - GO;Várias;Previsto;Previsto;Previsto
GO;SEINFRA GO;300;Previsto;Previsto;Previsto
GO;TJ GO;Várias;Previsto;Previsto;Previsto
MA;CREA MA;27;Aberto;13/01/2025;14/02/2025
MA;IMIP;33;Aberto;10/02/2025;14/02/2025
MA;CREA;Várias;Previsto;Previsto;Previsto
MA;CREFITO 16ª Região;Várias;Previsto;Previsto;Previsto
MA;PC MA;Várias;Previsto;Previsto;Previsto
MA;Prefeitura de Coelho Neto;30;Previsto;Previsto;Previsto
MA;Prefeitura de São Luís;780;Previsto;Previsto;Previsto
MG;ARISB;30;Aberto;18/02/2025;21/03/2025
MG;Câmara de Buritizeiro;16;Aberto;09/01/2025;10/02/2025
MG;Câmara de Campos Altos;4;Aberto;15/01/2025;16/03/2025
MG;Câmara de Mariana;15;Aberto;Não encontrado;08/06/2025
MG;Câmara de Piau;1;Aberto;17/02/2025;18/03/2025
MG;Câmara de São Sebastião da Vargem Alegre;5;Aberto;04/02/2025;04/03/2025
MG;Câmara de Uberaba;48;Aberto;24/02/2025;19/03/2025
MG;CRM MG;2;Aberto;06/02/2025;12/03/2025
MG;FHEMIG;3;Aberto;Indisponível;Indisponível
MG;HOB;Várias;Aberto;15/02/2025;26/02/2025
MG;HOB - MG;Várias;Aberto;27/01/2025;21/02/2025
MG;IFMG;1;Aberto;06/02/2025;26/02/2025
MG;Prefeitura de Alterosa;203;Aberto;26/03/2025;27/04/2025
MG;Prefeitura de Belo Horizonte;67;Aberto;07/04/2025;16/04/2025
MG;Prefeitura de Brasilândia de Minas;45;Aberto;10/02/2025;11/03/2025
MG;Prefeitura de Campina Verde;112;Aberto;24/02/2025;25/03/2025
MG;Prefeitura de Campina Verde;5;Aberto;24/02/2025;25/03/2025
MG;Prefeitura de Campos Altos;252;Aberto;31/12/2024;28/02/2025
MG;Prefeitura de Catas Altas;Várias;Aberto;10/02/2025;12/02/2025
MG;Prefeitura de Confins;24;Aberto;Não encontrado;17/02/2025
MG;Prefeitura de Divinésia;130;Aberto;18/03/2025;16/04/2025
MG;Prefeitura de Dores de Campos;36;Aberto;07/04/2025;06/05/2025
MG;Prefeitura de Estiva;1;Aberto;Não encontrado;14/02/2025
MG;Prefeitura de Goiabeira;41;Aberto;13/01/2025;11/02/2025
MG;Prefeitura de Ibertioga;151;Aberto;30/12/2024;10/02/2025
MG;Prefeitura de Itabira;41;Aberto;10/03/2025;10/04/2025
MG;Prefeitura de Juvenília;80;Aberto;06/02/2025;12/03/2025
MG;Prefeitura de Maripá de Minas;16;Aberto;Indisponível;Indisponível
MG;Prefeitura de Marliéria;70;Aberto;18/03/2025;25/04/2025
MG;Prefeitura de Mendes Pimentel;148;Aberto;10/02/2025;13/03/2025
MG;Prefeitura de Monte Carmelo;131;Aberto;10/02/2025;14/03/2025
MG;Prefeitura de Monte Carmelo;116;Aberto;10/02/2025;07/03/2025
MG;Prefeitura de Morro da Garça;145;Aberto;27/02/2025;31/03/2025
MG;Prefeitura de Paraopeba;3;Aberto;17/02/2025;21/02/2025
MG;Prefeitura de Pirapetinga;27;Aberto;07/02/2025;19/02/2025
MG;Prefeitura de Piraúba;14;Aberto;Indisponível;Indisponível
MG;Prefeitura de Poço Fundo;36;Aberto;10/02/2025;13/03/2025
MG;Prefeitura de Rochedo de Minas;7;Aberto;14/04/2025;14/05/2025
MG;Prefeitura de Rochedo de Minas;5;Aberto;14/04/2025;14/05/2025
MG;Prefeitura de Sabinópolis;146;Aberto;17/02/2025;19/03/2025
MG;Prefeitura de Santa Margarida;22;Aberto;11/02/2025;11/03/2025
MG;Prefeitura de Santa Rita de Ibitipoca;30;Aberto;02/04/2025;02/05/2025
MG;Prefeitura de Santo Antônio do Itambé;72;Aberto;25/03/2025;24/04/2025
MG;Prefeitura de São Tomás de Aquino;17;Aberto;29/01/2025;18/02/2025
MG;Prefeitura de Sapucaí-Mirim;2;Aberto;Indisponível;Indisponível
MG;Prefeitura de Ubaí;65;Aberto;09/01/2025;10/02/2025
MG;Prefeitura de Uberlândia;5;Aberto;;
MG;Prefeitura de Vazante;Várias;Aberto;04/02/2025;10/02/2025
MG;Prefeitura de Vazante;Várias;Aberto;10/02/2025;14/02/2025
MG;SAAE de Guapé;19;Aberto;02/04/2025;02/05/2025
MG;SAAE de Paraisópolis;24;Aberto;13/01/2025;13/02/2025
MG;SAAE de Recreio;5;Aberto;05/02/2025;11/02/2025
MG;UFJF;30;Aberto;28/01/2025;10/03/2025
MG;UFMG;2;Aberto;17/12/2024;15/02/2025
MG;UFVJM;4;Aberto;20/02/2025;31/03/2025
MG;UNIFAL;1;Aberto;18/12/2024;18/02/2025
MG;UPA Centro-Sul;49;Aberto;06/01/2025;12/02/2025
MG;AGEVAP;Várias;Previsto;Previsto;Previsto
MG;Câmara de Caranaíba;Várias;Previsto;Previsto;Previsto
MG;FMC de Belo Horizonte;Várias;Previsto;Previsto;Previsto
MG;Prefeitura de Belo Horizonte;Várias;Previsto;Previsto;Previsto
MG;Prefeitura de Lagoa Santa;Várias;Previsto;Previsto;Previsto
MG;Prefeitura de São Francisco do Glória;Várias;Previsto;Previsto;Previsto
MG;SEFAZ MG;Várias;Previsto;Previsto;Previsto
MG;TJ MG;Várias;Previsto;Previsto;Previsto
MG;TJMG;Várias;Previsto;Previsto;Previsto
MG;UEMG;Várias;Previsto;Previsto;Previsto
MG;Unimontes;321;Previsto;Previsto;Previsto
MS;Crea MS;6;Aberto;21/01/2025;21/02/2025
MS;CRF MS;155;Aberto;Não encontrado;20/03/2025
MS;Prefeitura de Campo Grande;300;Aberto;05/02/2025;14/02/2025
MS;Prefeitura de Japorã;4;Aberto;10/02/2025;14/02/2025
MS;Prefeitura de Nioaque;38;Aberto;04/02/2025;18/02/2025
MS;SAD/SES/AGEPEN/PNAISP;6;Aberto;Não encontrado;10/02/2025
MS;ALEMS;Várias;Previsto;Previsto;Previsto
MS;CRF MS;Várias;Previsto;Previsto;Previsto
MS;IAGRO MS;29;Previsto;Previsto;Previsto
MS;PC MS;400;Previsto;Previsto;Previsto
MS;Sanesul;Várias;Previsto;Previsto;Previsto
MS;SEJUSP MS;70;Previsto;Previsto;Previsto
MS;SEMED Campo Grande;2.000;Previsto;Previsto;Previsto
MS;TCE MS;Várias;Previsto;Previsto;Previsto
MT;Câmara de Bom Jesus do Araguaia;5;Aberto;13/02/2025;14/03/2025
MT;CIDES-VRC;29;Aberto;Não encontrado;13/03/2025
MT;MTI;220;Aberto;04/02/2025;21/02/2025
MT;MTPAR;Várias;Aberto;Não encontrado;11/02/2025
MT;Prefeitura de Alto Garças;2;Aberto;06/02/2025;11/02/2025
MT;Prefeitura de Aripuanã;Várias;Aberto;19/02/2025;27/02/2025
MT;Prefeitura de Lambari D'Oeste;5;Aberto;30/01/2025;13/02/2025
MT;Prefeitura de Lucas do Rio Verde;Várias;Aberto;30/01/2025;19/02/2025
MT;Prefeitura de Nova Guarita;55;Aberto;29/01/2025;12/02/2025
MT;Prefeitura de Santa Rita do Trivelato;Várias;Aberto;07/02/2025;17/02/2025
MT;Prefeitura de São José do Povo;Várias;Aberto;04/02/2025;10/02/2025
MT;Prefeitura de Sapezal;9;Aberto;22/01/2025;10/02/2025
MT;Prefeitura de Terra Nova do Norte;4;Aberto;10/02/2025;12/02/2025
MT;SEDUC MT;Várias;Previsto;Previsto;Previsto
MT;SEMA MT;122;Previsto;Previsto;Previsto
PA;IASEP;1;Aberto;10/02/2025;11/02/2025
PA;Prefeitura de Marabá;126;Aberto;18/02/2025;18/03/2025
PA;UFOPA;39;Aberto;09/01/2025;10/02/2025
PA;UNIFESSPA;110;Aberto;23/01/2025;24/02/2025
PA;Banpará;Várias;Previsto;Previsto;Previsto
PA;CRN 7ª Região;Várias;Previsto;Previsto;Previsto
PA;FHCGV PA;Várias;Previsto;Previsto;Previsto
PA;ITERPA;112;Previsto;Previsto;Previsto
PA;Prefeitura de Santarém;Várias;Previsto;Previsto;Previsto
PA;SEDUC PA;Várias;Previsto;Previsto;Previsto
PA;SUDAM - Superintendência do Desenvolvimento da Amazônia;Várias;Previsto;Previsto;Previsto
PA;TJ PA;Várias;Previsto;Previsto;Previsto
PA;UNIFESSPA;Várias;Previsto;Previsto;Previsto
PB;Prefeitura de Alagoa Grande;388;Aberto;19/12/2024;16/02/2025
PB;Prefeitura de Pedra Lavrada;10;Aberto;23/02/2025;24/02/2025
PB;Câmara de João Pessoa;Várias;Previsto;Previsto;Previsto
PB;COREN;Várias;Previsto;Previsto;Previsto
PB;Polícia Penal PB;1.000;Previsto;Previsto;Previsto
PB;SEE PB;2.000;Previsto;Previsto;Previsto
PB;TJ PB;Várias;Previsto;Previsto;Previsto
PE;Prefeitura de João Alfredo;803;Aberto;08/01/2025;23/02/2025
PE;Prefeitura de Manari;94;Aberto;06/02/2025;10/02/2025
PE;Prefeitura de Manari;23;Aberto;07/02/2025;17/02/2025
PE;Prefeitura de Triunfo;12;Aberto;Não encontrado;19/02/2025
PE;SAD;53;Aberto;10/02/2025;09/03/2025
PE;UFPE;68;Aberto;30/12/2024;31/03/2025
PE;Prefeitura de Solidão;Várias;Previsto;Previsto;Previsto
PE;URB / EMLURB de Recife;Várias;Previsto;Previsto;Previsto
PI;Prefeitura de Patos do Piauí;44;Aberto;13/02/2025;08/02/2025
PI;Prefeitura de São Miguel do Tapuio;100;Aberto;10/02/2025;11/02/2025
PI;CORE PI;Várias;Previsto;Previsto;Previsto
PI;CRMV;Várias;Previsto;Previsto;Previsto
PI;MP PI;30;Previsto;Previsto;Previsto
PI;PM PI - Polícia Militar do Piauí;Várias;Previsto;Previsto;Previsto
PI;Prefeitura de Curralinhos;Várias;Previsto;Previsto;Previsto
PI;SEFAZ PI;80;Previsto;Previsto;Previsto
PR;Câmara de Cerro Azul;1;Aberto;28/01/2025;27/02/2025
PR;Prefeitura de Cerro Azul;4;Aberto;04/02/2025;11/02/2025
PR;Prefeitura de Diamante D'Oeste;2;Aberto;10/02/2025;14/02/2025
PR;Prefeitura de Diamante D‘Oeste;1;Aberto;10/02/2025;14/02/2025
PR;Prefeitura de Francisco Beltrão;Várias;Aberto;Não encontrado;16/02/2025
PR;Prefeitura de Itaperuçu;27;Aberto;10/02/2025;11/02/1800
PR;Prefeitura de Mandaguari;1;Aberto;10/02/2025;12/02/2025
PR;Prefeitura de Nova Olímpia;4;Aberto;05/02/2025;19/02/2025
PR;Prefeitura de Palmeira;Várias;Aberto;04/02/2025;19/02/2025
PR;Prefeitura de Porto Amazonas;45;Aberto;04/02/2025;04/03/2025
PR;Prefeitura de Santa Terezinha de Itaipu;10;Aberto;30/01/2025;10/02/2025
PR;Prefeitura de São Mateus do Sul;79;Aberto;10/02/2025;10/03/2025
PR;Prefeitura de Vitorino;16;Aberto;06/02/2025;14/02/2025
PR;SAMAE de Jaguapitã;2;Aberto;31/01/2025;15/02/2025
PR;SEAP PR;50;Aberto;;
PR;UEL;1;Aberto;30/01/2025;17/02/2025
PR;UENP;77;Aberto;21/01/2025;13/03/2025
PR;UFFS;47;Aberto;13/01/2025;21/02/2025
PR;UNESPAR PR;71;Aberto;12/02/2025;06/03/2025
PR;CBM PR;130;Previsto;Previsto;Previsto
PR;CORE;Várias;Previsto;Previsto;Previsto
PR;CREF9;Várias;Previsto;Previsto;Previsto
PR;FUNEAS PR;28;Previsto;Previsto;Previsto
PR;PC PR;Várias;Previsto;Previsto;Previsto
PR;PM PR;230;Previsto;Previsto;Previsto
PR;Prefeitura de Curitiba;Várias;Previsto;Previsto;Previsto
PR;Prefeitura de Nossa Senhora das Graças;Várias;Previsto;Previsto;Previsto
PR;Prefeitura de Rio Negro;Várias;Previsto;Previsto;Previsto
PR;Sefaz PR;60;Previsto;Previsto;Previsto
PR;TJ PR;60;Previsto;Previsto;Previsto
PR;TRF 4;Várias;Previsto;Previsto;Previsto
RJ;SEFAZ RJ;240;Aberto;07/02/2025;28/02/2025
RJ;MP;87;Aberto;05/02/2025;06/03/2025
RJ;PPSA;100;Aberto;27/04/2025;27/01/2025
RJ;Prefeitura de Duque de Caxias;466;Aberto;20/01/2025;20/02/2025
RJ;SEMCONGER;20;Aberto;10/01/2025;10/02/2025
RJ;ALERJ;Várias;Previsto;Previsto;Previsto
RJ;ANCINE - Agência Nacional do Cinema;Várias;Previsto;Previsto;Previsto
RJ;CBM RJ;50;Previsto;Previsto;Previsto
RJ;CBMERJ;Várias;Previsto;Previsto;Previsto
RJ;EMATER-RIO;Várias;Previsto;Previsto;Previsto
RJ;FCRB;10;Previsto;Previsto;Previsto
RJ;IBC RJ;15;Previsto;Previsto;Previsto
RJ;ITERJ;Várias;Previsto;Previsto;Previsto
RJ;PESAGRO;Várias;Previsto;Previsto;Previsto
RJ;PGE RJ;Várias;Previsto;Previsto;Previsto
RJ;PROCON Niterói;10;Previsto;Previsto;Previsto
RJ;SECEC RJ;Várias;Previsto;Previsto;Previsto
RJ;SEFAZ - RJ;195;Previsto;Previsto;Previsto
RJ;SEFAZ RJ;195;Previsto;Previsto;Previsto
RJ;SES RJ - Secretaria do Estado de Saúde do Rio de Janeiro;Várias;Previsto;Previsto;Previsto
RJ;TCE RJ;40;Previsto;Previsto;Previsto
RJ;TJ RJ;Várias;Previsto;Previsto;Previsto
RJ;TRT RJ;Várias;Previsto;Previsto;Previsto
RJ;UFRJ;686;Previsto;Previsto;Previsto
RN;Prefeitura de Pedro Avelino;12;Aberto;;
RN;Prefeitura de Riacho da Cruz;55;Aberto;Indisponível;Indisponível
RN;SESAP;75;Aberto;17/03/2025;19/03/2025
RN;CORE RN;Várias;Previsto;Previsto;Previsto
RN;DETRAN RN;Várias;Previsto;Previsto;Previsto
RN;Prefeitura de Serra Negra do Norte;Várias;Previsto;Previsto;Previsto
RO;Câmara de Porto Velho;37;Aberto;Indisponível;Indisponível
RO;ALE RO;300;Previsto;Previsto;Previsto
RO;CRESS RO;Várias;Previsto;Previsto;Previsto
RO;Prefeitura de Porto Velho;Várias;Previsto;Previsto;Previsto
RO;Prefeitura de Vale do Anari;6;Previsto;Previsto;Previsto
RR;IFRR;35;Aberto;27/02/2025;25/03/2025
RS;CRC RS;Várias;Aberto;Não encontrado;21/02/2025
RS;DAER;136;Aberto;24/01/2025;11/02/2025
RS;FATEC - RS;3;Aberto;02/02/2025;13/02/2025
RS;FHGV;1;Aberto;Não encontrado;21/02/2025
RS;HCPA;Várias;Aberto;27/01/2025;25/02/2025
RS;IFRS;28;Aberto;20/01/2025;27/02/2025
RS;IFRS;13;Aberto;20/01/2025;27/02/2025
RS;IFRS;2;Aberto;19/02/2025;04/02/2025
RS;JucisRS;15;Aberto;21/01/2025;04/02/2025
RS;Prefeitura de Alegria;1;Aberto;06/02/2025;12/02/2025
RS;Prefeitura de Arvorezinha;16;Aberto;03/02/2025;03/03/2025
RS;Prefeitura de Augusto Pestana;1;Aberto;10/02/2025;14/02/2025
RS;Prefeitura de Bozano;1;Aberto;Indisponível;Indisponível
RS;Prefeitura de Cerro Branco;1;Aberto;07/02/2025;13/02/2025
RS;Prefeitura de Cotiporã;2;Aberto;Indisponível;Indisponível
RS;Prefeitura de Erebango;4;Aberto;Não encontrado;03/03/2025
RS;Prefeitura de Erval Grande;23;Aberto;14/01/2025;14/02/2025
RS;Prefeitura de Giruá;8;Aberto;11/02/2025;12/02/2025
RS;Prefeitura de Horizontina;3;Aberto;29/01/2025;27/02/2025
RS;Prefeitura de Horizontina;1;Aberto;29/01/2025;27/02/2025
RS;Prefeitura de Ibirubá;Várias;Aberto;06/02/2025;12/02/2025
RS;Prefeitura de Ivorá;5;Aberto;Indisponível;Indisponível
RS;Prefeitura de Lagoa dos Três Cantos;28;Aberto;Não encontrado;06/03/2025
RS;Prefeitura de Mariana Pimentel;140;Aberto;Não encontrado;12/02/2025
RS;Prefeitura de Maximiliano de Almeida;15;Aberto;03/02/2025;10/02/2025
RS;Prefeitura de Nova Prata;1;Aberto;05/02/2025;11/02/2025
RS;Prefeitura de Pinhal da Serra;3;Aberto;11/02/2025;17/02/2025
RS;Prefeitura de Pontão;104;Aberto;Não encontrado;10/02/2025
RS;Prefeitura de Porto Alegre;7;Aberto;07/02/2025;12/02/2025
RS;Prefeitura de Ronda Alta;62;Aberto;Não encontrado;10/02/2025
RS;Prefeitura de Santana da Boa Vista;6;Aberto;05/02/2025;12/02/2025
RS;Prefeitura de Sapucaia do Sul;12;Aberto;Não encontrado;12/02/2025
RS;Prefeitura de Três Coroas;Várias;Aberto;Indisponível;Indisponível
RS;Prefeitura de Três Coroas;Várias;Aberto;03/02/2025;12/02/2025
RS;Prefeitura de Tupanci do Sul;12;Aberto;Não encontrado;06/04/2025
RS;Brigada Militar RS;Várias;Previsto;Previsto;Previsto
RS;IGP;Várias;Previsto;Previsto;Previsto
RS;Polícia Penal RS;Várias;Previsto;Previsto;Previsto
RS;Prefeitura de Imbé;Várias;Previsto;Previsto;Previsto
RS;Prefeitura de Riozinho;Várias;Previsto;Previsto;Previsto
RS;TRENSURB - RS;55;Previsto;Previsto;Previsto
SC;Câmara de Princesa;2;Aberto;Não encontrado;15/03/2025
SC;CIGAMVALI;2;Aberto;Não encontrado;11/02/2025
SC;CISAMVE;9;Aberto;Não encontrado;27/04/2025
SC;DPE SC;15;Aberto;16/01/2025;14/02/2025
SC;FAHECE;3;Aberto;Indisponível;Indisponível
SC;FAHECE;3;Aberto;;
SC;FHJA;10;Aberto;Não encontrado;26/02/2025
SC;FHJA;Várias;Aberto;;
SC;FURB;Várias;Aberto;20/02/2025;05/03/2025
SC;IMAS;Várias;Aberto;Não encontrado;10/02/2025
SC;Prefeitura de Apiúna;5;Aberto;31/01/2025;17/02/2025
SC;Prefeitura de Bom Jardim da Serra;3;Aberto;21/01/2025;19/02/2025
SC;Prefeitura de Bombinhas;Várias;Aberto;07/02/2025;10/03/2025
SC;Prefeitura de Campos Novos;2;Aberto;Não encontrado;10/02/2025
SC;Prefeitura de Campos Novos;2;Aberto;Não encontrado;19/02/2025
SC;Prefeitura de Erval Velho;4;Aberto;23/01/2025;12/02/2025
SC;Prefeitura de Garuva;Várias;Aberto;10/02/2025;21/02/2025
SC;Prefeitura de Grão-Pará;1;Aberto;10/02/2025;21/02/2025
SC;Prefeitura de Ilhota;16;Aberto;Indisponível;Indisponível
SC;Prefeitura de Lebon Régis;1;Aberto;05/02/2025;12/02/2025
SC;Prefeitura de Massaranduba;Várias;Aberto;Indisponível;Indisponível
SC;Prefeitura de Nova Erechim;1;Aberto;05/02/2025;12/02/2025
SC;Prefeitura de Otacílio Costa;16;Aberto;13/02/2025;14/02/2025
SC;Prefeitura de Peritiba;14;Aberto;Não encontrado;25/02/2025
SC;Prefeitura de Ponte Serrada;Várias;Aberto;29/01/2025;27/02/2025
SC;Prefeitura de Presidente Castello Branco;10;Aberto;Não encontrado;20/02/2025
SC;Prefeitura de Salete;1;Aberto;10/02/2025;19/02/2025
SC;Prefeitura de Salto Veloso;2;Aberto;Não encontrado;12/02/2025
SC;Prefeitura de Santa Rosa de Lima;4;Aberto;Não encontrado;12/02/2025
SC;Prefeitura de São José do Cedro;Várias;Aberto;15/01/2025;13/02/2025
SC;Prefeitura de São Lourenço do Oeste;Várias;Aberto;03/02/2025;05/03/2025
SC;Prefeitura de Tijucas;Várias;Aberto;23/01/2025;16/02/2025
SC;Prefeitura de União do Oeste;11;Aberto;29/01/2025;13/02/2025
SC;SEMAE de São José do Cedro;1;Aberto;15/01/2025;13/02/2025
SC;SES;4;Aberto;Não encontrado;19/02/2025
SC;TJ;20;Aberto;03/02/2025;05/03/2025
SC;CASAN - Companhia Catarinense de Águas e Saneamento;10;Previsto;Previsto;Previsto
SC;CRMV SC;Várias;Previsto;Previsto;Previsto
SC;PC SC;490;Previsto;Previsto;Previsto
SC;Prefeitura de Galvão;Várias;Previsto;Previsto;Previsto
SC;Prefeitura de Vargem;Várias;Previsto;Previsto;Previsto
SC;SES SC;500;Previsto;Previsto;Previsto
SE;SEASIC;90;Aberto;03/02/2025;06/03/2025
SE;SES SE;878;Aberto;11/03/2025;09/04/2025
SE;Banese;55;Previsto;Previsto;Previsto
SE;Fundação Renascer;32;Previsto;Previsto;Previsto
SE;SEAD SE;7;Previsto;Previsto;Previsto
SE;SEASIC SE;90;Previsto;Previsto;Previsto
SE;SEFAZ;Várias;Previsto;Previsto;Previsto
SE;SES SE;878;Previsto;Previsto;Previsto
SE;SUAS SE;Várias;Previsto;Previsto;Previsto
SP;Câmara de Casa Branca;1;Aberto;13/01/2025;13/02/2025
SP;Câmara de Itapevi;5;Aberto;15/01/2025;10/03/2025
SP;Centro Universitário de Adamantina;2;Aberto;03/02/2025;05/03/2025
SP;Centro Universitário de Adamantina;16;Aberto;03/02/2025;05/03/2025
SP;CONDERG São João da Boa Vista;9;Aberto;31/01/2025;13/02/2025
SP;DPE SP;Várias;Aberto;;
SP;DPE SP;400;Aberto;27/01/2025;27/02/2025
SP;Etec de Ibitinga;Várias;Aberto;29/01/2025;12/02/2025
SP;Etec de Igarapava;Várias;Aberto;Não encontrado;12/02/2025
SP;Etec de Rio das Pedras;Várias;Aberto;31/01/2025;14/02/2025
SP;Etec de Votuporanga;Várias;Aberto;Não encontrado;12/02/2025
SP;FAMESP;1;Aberto;Não encontrado;10/02/2025
SP;FAMESP;2;Aberto;;
SP;Fundação Santo André;1;Aberto;30/01/2025;13/03/2025
SP;FUSAM;18;Aberto;17/01/2025;17/02/2025
SP;HCRP;3;Aberto;03/02/2025;21/02/2025
SP;HCRP SP;1;Aberto;10/02/2025;28/02/2025
SP;Hemocentro SP;4;Aberto;09/01/2025;10/02/2025
SP;INVESTSP;2;Aberto;06/02/2025;13/02/2025
SP;Prefeitura da Estância Climática de Caconde;Várias;Aberto;24/01/2025;24/02/2025
SP;Prefeitura de Amparo;53;Aberto;04/02/2025;17/02/2025
SP;Prefeitura de Araçoiaba da Serra;9;Aberto;21/01/2025;24/02/2025
SP;Prefeitura de Caiabu;2;Aberto;Não encontrado;23/02/2025
SP;Prefeitura de Campinas;85;Aberto;03/02/2025;10/03/2025
SP;Prefeitura de Carapicuíba;33;Aberto;Indisponível;Indisponível
SP;Prefeitura de Cordeirópolis;40;Aberto;Não encontrado;10/02/2025
SP;Prefeitura de Embu das Artes;39;Aberto;07/02/2025;18/02/2025
SP;Prefeitura de Hortolândia;6;Aberto;15/01/2025;05/03/2025
SP;Prefeitura de Iguape;20;Aberto;07/02/2025;12/02/2025
SP;Prefeitura de Itapira;9;Aberto;05/02/2025;06/03/2025
SP;Prefeitura de Lençóis Paulista;17;Aberto;;
SP;Prefeitura de Lorena;60;Aberto;09/01/2025;10/02/2025
SP;Prefeitura de Mauá;Várias;Aberto;Não encontrado;06/03/2025
SP;Prefeitura de Pereira Barreto;4;Aberto;05/02/2025;05/03/2025
SP;Prefeitura de Quintana;1;Aberto;07/02/2025;02/03/2025
SP;Prefeitura de São José da Bela Vista;Várias;Aberto;Não encontrado;10/02/2025
SP;Prefeitura de São Roque;Várias;Aberto;Não encontrado;15/12/2025
SP;Prefeitura de Sorocaba;Várias;Aberto;Não encontrado;15/12/2025
SP;Prefeitura de Suzano;68;Aberto;Indisponível;Indisponível
SP;Prefeitura de Várzea Paulista;3;Aberto;12/02/2025;21/02/2025
SP;SAEV Ambiental;43;Aberto;15/01/2025;17/02/2025
SP;TJ SP;Várias;Aberto;12/01/2025;12/12/2025
SP;TJ SP;274;Aberto;08/01/2025;10/02/2025
SP;UFSCAR;72;Aberto;24/02/2025;24/03/2025
SP;UNICAMP;2;Aberto;03/02/2025;10/03/2025
SP;Unicamp - SP;3;Aberto;03/02/2025;10/03/2025
SP;UNITAU;8;Aberto;Não encontrado;09/03/2025
SP;UNIVESP;3;Aberto;10/02/2025;10/03/2025
SP;USP;1;Aberto;25/09/2025;24/03/2025
SP;USP;1;Aberto;17/10/2025;14/04/2025
SP;USP;4;Aberto;19/02/2025;18/03/2025
SP;USP;2;Aberto;19/02/2025;18/03/2025
SP;ARSESP;4;Previsto;Previsto;Previsto
SP;CORE SP - Conselho Regional dos Representantes Comerciais de São Paulo;Várias;Previsto;Previsto;Previsto
SP;CRA SP;Várias;Previsto;Previsto;Previsto
SP;CRO SP;15;Previsto;Previsto;Previsto
SP;HCFMRP;Várias;Previsto;Previsto;Previsto
SP;São Roque Prev;Várias;Previsto;Previsto;Previsto
SP;SEFAZ SP;12;Previsto;Previsto;Previsto
SP;SES SP;Várias;Previsto;Previsto;Previsto
SP;SES SP;4;Previsto;Previsto;Previsto
SP;TCE SP;53;Previsto;Previsto;Previsto
SP;TRT SP;Várias;Previsto;Previsto;Previsto
TO;SEDUC;70;Aberto;16/01/2025;18/02/2025
TO;CRMV TO;Várias;Previsto;Previsto;Previsto
TO;PC TO;452;Previsto;Previsto;Previsto
TO;PM TO;660;Previsto;Previsto;Previsto
TO;Polícia Penal TO;Várias;Previsto;Previsto;Previsto
TO;TRE TO;Várias;Previsto;Previsto;Previsto
